id,original,tipo_variacao,attacked
0,Microscópio Biológico Binocular Meopta Profissional ,Abreviacao,Microsc. Biol. Binoc. Meopta Prof.
0,Microscópio Biológico Binocular Meopta Profissional ,Abreviacao,Microscópio Biol. Binocular Meopta Profiss.
0,Microscópio Biológico Binocular Meopta Profissional ,Notacao_Unidades,Microscópio Biológico Binocular Meopta Profissional -
0,Microscópio Biológico Binocular Meopta Profissional ,Notacao_Unidades,Microscópio Biológico Binocular Meopta Profissional 0
0,Microscópio Biológico Binocular Meopta Profissional ,Erro_Digitacao,Microscópio Biológioc Binocular Meopta Profissional
0,Microscópio Biológico Binocular Meopta Profissional ,Erro_Digitacao,Microscópio Biológico Binoculra Meopta Profissional
1,Nissan Versa ,Abreviacao,Niss. Versa
1,Nissan Versa ,Abreviacao,Niss. Versa
1,Nissan Versa ,Notacao_Unidades,Nissan Versa 0km
1,Nissan Versa ,Notacao_Unidades,Nissan Versa Sedan
1,Nissan Versa ,Erro_Digitacao,Nisan Versa
1,Nissan Versa ,Erro_Digitacao,Nissan Vresa
2,Llave Contacto Yamaha Fz 16 + Tapa Tanque Mpr,Abreviacao,Llav. Cont. Yamaha Fz 16 + Tapa Tanq. Mpr
2,Llave Contacto Yamaha Fz 16 + Tapa Tanque Mpr,Abreviacao,Llave Contacto Yamaha Fz 16 + Tapa Tanq. Mpr
2,Llave Contacto Yamaha Fz 16 + Tapa Tanque Mpr,Notacao_Unidades,Llave Contacto Yamaha Fz 16 + Tapa Tanque Mpr Unit
2,Llave Contacto Yamaha Fz 16 + Tapa Tanque Mpr,Notacao_Unidades,Llave Contacto Yamaha Fz 16 + Tapa Tanque Mpr 1un
2,Llave Contacto Yamaha Fz 16 + Tapa Tanque Mpr,Erro_Digitacao,Llave Contacot Yamaha Fz 16 + Tapa Tanque Mpr
2,Llave Contacto Yamaha Fz 16 + Tapa Tanque Mpr,Erro_Digitacao,Llave Contacto Yamaha Fz 16 + Tapa Tnaque Mpr
3,Mini Pci Wireless + Bluetooth Samsung Np305e4a Ar5b225,Abreviacao,Mini Pci Wirel. + Blue. Sams. Np305e4a Ar5b225
3,Mini Pci Wireless + Bluetooth Samsung Np305e4a Ar5b225,Abreviacao,Mini Pci Wireless + Blue. Samsung Np305e4a Ar5b225
3,Mini Pci Wireless + Bluetooth Samsung Np305e4a Ar5b225,Notacao_Unidades,Mini Pci Wireless + Bluetooth Samsung Np305e4a Ar5b225 (1 unidade)
3,Mini Pci Wireless + Bluetooth Samsung Np305e4a Ar5b225,Notacao_Unidades,Mini Pci Wireless + Bluetooth Samsung Np305e4a Ar5b225 x1
3,Mini Pci Wireless + Bluetooth Samsung Np305e4a Ar5b225,Erro_Digitacao,Mini Pci Wirelss + Bluetooth Samsung Np305e4a Ar5b225
3,Mini Pci Wireless + Bluetooth Samsung Np305e4a Ar5b225,Erro_Digitacao,Mini Pci Wireless + Bluetooth Samsugn Np305e4a Ar5b225
4,Disyuntor Diferencial Bipolar 25a (30ma),Abreviacao,Disyunt. Diferenc. Bipol. 25a (30ma)
4,Disyuntor Diferencial Bipolar 25a (30ma),Abreviacao,Disyuntor Diferencial Bipol. 25a (30ma)
4,Disyuntor Diferencial Bipolar 25a (30ma),Notacao_Unidades,"Disyuntor Diferencial Bipolar 0,025ka (0,03a)"
4,Disyuntor Diferencial Bipolar 25a (30ma),Notacao_Unidades,"Disyuntor Diferencial Bipolar 25 amperes (0,03 amperes)"
4,Disyuntor Diferencial Bipolar 25a (30ma),Erro_Digitacao,Disyuntro Diferencial Bipolar 25a (30ma)
4,Disyuntor Diferencial Bipolar 25a (30ma),Erro_Digitacao,Disyuntor Diferencial Bipolar 25a (30am)
5,Switch Ubiquiti Unifi 8 -  Puertos Giga Administrable - Us-8,Abreviacao,Switch Ubiquiti Unifi 8 - Pts Giga Admin - Us-8
5,Switch Ubiquiti Unifi 8 -  Puertos Giga Administrable - Us-8,Abreviacao,Swtch Ubiquiti Unifi 8 - Puertos Giga Admin - Us-8
5,Switch Ubiquiti Unifi 8 -  Puertos Giga Administrable - Us-8,Notacao_Unidades,Switch Ubiquiti Unifi 8 - 8 Puertos Giga Administrable - Us-8
5,Switch Ubiquiti Unifi 8 -  Puertos Giga Administrable - Us-8,Notacao_Unidades,Switch Ubiquiti Unifi 8 - Puertos Gigabit Administrable - Us-8
5,Switch Ubiquiti Unifi 8 -  Puertos Giga Administrable - Us-8,Erro_Digitacao,Switch Ubiquiti Unifi 8 - Puertos Giga Administrable - Us-88
5,Switch Ubiquiti Unifi 8 -  Puertos Giga Administrable - Us-8,Erro_Digitacao,Switch Ubiquiti Unifi 8 - Puertos Giga Admnistrable - Us-8
6,Fim De Curso - P/ Portão Acabamento Aluminio (n.a),Abreviacao,Fim De Curso - P/ Portão Acab. Alumínio (n.a)
6,Fim De Curso - P/ Portão Acabamento Aluminio (n.a),Abreviacao,Fim De Curso - P/ Portão Acabamento Alum. (n.a)
6,Fim De Curso - P/ Portão Acabamento Aluminio (n.a),Notacao_Unidades,Fim De Curso - P/ Portão Acabamento Aluminio (norma aberta)
6,Fim De Curso - P/ Portão Acabamento Aluminio (n.a),Notacao_Unidades,Fim De Curso - P/ Portão Acabamento Aluminio (NA)
6,Fim De Curso - P/ Portão Acabamento Aluminio (n.a),Erro_Digitacao,Fim De Curos - P/ Portão Acabamento Aluminio (n.a)
6,Fim De Curso - P/ Portão Acabamento Aluminio (n.a),Erro_Digitacao,Fim De Curso - P/ Portão Acabamneto Aluminio (n.a)
7,"Toalha Picnic Pic Nic Xadrez Oxford 1,50x3,00 Cores Diversas",Abreviacao,"Toalha Picnic Pic Nic Xadrez Oxford 1,5x3m Cores Div."
7,"Toalha Picnic Pic Nic Xadrez Oxford 1,50x3,00 Cores Diversas",Abreviacao,"Toalha Picnic Pic Nic Xadrez Oxford 1,50x3,00 Cores Divers."
7,"Toalha Picnic Pic Nic Xadrez Oxford 1,50x3,00 Cores Diversas",Notacao_Unidades,Toalha Picnic Pic Nic Xadrez Oxford 150cm x 300cm Cores Diversas
7,"Toalha Picnic Pic Nic Xadrez Oxford 1,50x3,00 Cores Diversas",Notacao_Unidades,Toalha Picnic Pic Nic Xadrez Oxford 1.5m x 3m Cores Diversas
7,"Toalha Picnic Pic Nic Xadrez Oxford 1,50x3,00 Cores Diversas",Erro_Digitacao,"Toalha Picnic Pic Nic Xadrez Oxforrd 1,50x3,00 Cores Diversas"
7,"Toalha Picnic Pic Nic Xadrez Oxford 1,50x3,00 Cores Diversas",Erro_Digitacao,"Toalha Picnic Pic Nic Xadrez Oxford 1,50x3,00 Cores Dviersas"
8,Bocallave Hexagonal Impacto 1/2  - 7/8,Abreviacao,Bocal. Hexagonal Impacto 1/2 - 7/8
8,Bocallave Hexagonal Impacto 1/2  - 7/8,Abreviacao,Bocallave Hex. Impacto 1/2 - 7/8
8,Bocallave Hexagonal Impacto 1/2  - 7/8,Notacao_Unidades,"Bocallave Hexagonal Impacto 0,5 pol - 0,875 pol"
8,Bocallave Hexagonal Impacto 1/2  - 7/8,Notacao_Unidades,"Bocallave Hexagonal Impacto 12,7mm - 22,2mm"
8,Bocallave Hexagonal Impacto 1/2  - 7/8,Erro_Digitacao,Bocallave Hexagonal Imapcto 1/2 - 7/8
8,Bocallave Hexagonal Impacto 1/2  - 7/8,Erro_Digitacao,Bocallave Hexagonal Impacto 1/2 - 7/88
9,Moto G5 Libre Huella Zona Oeste ,Abreviacao,Moto G5 Libre Huella Z. Oeste
9,Moto G5 Libre Huella Zona Oeste ,Abreviacao,Moto G5 Libre Huel. Zona Oeste
9,Moto G5 Libre Huella Zona Oeste ,Notacao_Unidades,Moto G5 Desbloqueado Digital Zona Oeste
9,Moto G5 Libre Huella Zona Oeste ,Notacao_Unidades,Moto G5 Sim-free Huella Zona Oeste
9,Moto G5 Libre Huella Zona Oeste ,Erro_Digitacao,Moto G5 Lbiere Huella Zona Oeste
9,Moto G5 Libre Huella Zona Oeste ,Erro_Digitacao,Moto G5 Libre Huelal Zona Oeste
10,Fresa Doble Flauta Recta Bit Router Métricas Ranurado 1/4 ,Abreviacao,Fresa Doble Flauta Recta Bit Router Mét. Ranurado 1/4
10,Fresa Doble Flauta Recta Bit Router Métricas Ranurado 1/4 ,Abreviacao,Fresa Doble Flauta Recta Bit Rout. Métricas Ranurado 1/4
10,Fresa Doble Flauta Recta Bit Router Métricas Ranurado 1/4 ,Notacao_Unidades,"Fresa Doble Flauta Recta Bit Router Métricas Ranurado 0,25 in"
10,Fresa Doble Flauta Recta Bit Router Métricas Ranurado 1/4 ,Notacao_Unidades,"Fresa Doble Flauta Recta Bit Router Métricas Ranurado 6,35mm"
10,Fresa Doble Flauta Recta Bit Router Métricas Ranurado 1/4 ,Erro_Digitacao,Fresa Doble Flauta Recta Bit Roter Métricas Ranurado 1/4
10,Fresa Doble Flauta Recta Bit Router Métricas Ranurado 1/4 ,Erro_Digitacao,Fresa Doble Flauta Recta Bit Router Métricaas Ranurado 1/4
11,Essência 20ml Via Aroma Para Difusor Elétrico,Abreviacao,Essência 20ml Via Aroma p/ Difusor Elétrico
11,Essência 20ml Via Aroma Para Difusor Elétrico,Abreviacao,Essência 20ml Via Aroma Para Dif. Elétrico
11,Essência 20ml Via Aroma Para Difusor Elétrico,Notacao_Unidades,"Essência 0,02L Via Aroma Para Difusor Elétrico"
11,Essência 20ml Via Aroma Para Difusor Elétrico,Notacao_Unidades,Essência 20 mililitros Via Aroma Para Difusor Elétrico
11,Essência 20ml Via Aroma Para Difusor Elétrico,Erro_Digitacao,Essência 20ml Via Aromo Para Difusor Elétrico
11,Essência 20ml Via Aroma Para Difusor Elétrico,Erro_Digitacao,Essência 20ml Via Aroma Para Difusro Elétrico
12,Manija De Embrague Yamaha Mt03 // Yzf-r3 Original!!!,Abreviacao,Man. De Embrague Yamaha Mt03 // Yzf-r3 Original!!!
12,Manija De Embrague Yamaha Mt03 // Yzf-r3 Original!!!,Abreviacao,Manija De Embrague Yamaha Mt03 // Yzf-r3 Orig!!!
12,Manija De Embrague Yamaha Mt03 // Yzf-r3 Original!!!,Notacao_Unidades,Manija De Embrague Yamaha Mt03 // Yzf-r3 Original - Unidade 1
12,Manija De Embrague Yamaha Mt03 // Yzf-r3 Original!!!,Notacao_Unidades,Manija De Embrague Yamaha Mt03 // Yzf-r3 Original - 1 pç
12,Manija De Embrague Yamaha Mt03 // Yzf-r3 Original!!!,Erro_Digitacao,Manija De Embrague Yamaha Mt03 // Yzf-r3 Orignial!!!
12,Manija De Embrague Yamaha Mt03 // Yzf-r3 Original!!!,Erro_Digitacao,Manija De Embrague Yamaha Mt03 // Yzf-r3 Orignal!!!
13,Cola Adesiva Multiuso Y7000 110ml Display Celulares Gruda,Abreviacao,Cola Adesiva Multiuso Y7000 110ml Disp. Celulares Gruda
13,Cola Adesiva Multiuso Y7000 110ml Display Celulares Gruda,Abreviacao,Cola Adesiva Mult. Y7000 110ml Display Celulares Gruda
13,Cola Adesiva Multiuso Y7000 110ml Display Celulares Gruda,Notacao_Unidades,"Cola Adesiva Multiuso Y7000 0,11L Display Celulares Gruda"
13,Cola Adesiva Multiuso Y7000 110ml Display Celulares Gruda,Notacao_Unidades,Cola Adesiva Multiuso Y7000 110 mililitros Display Celulares Gruda
13,Cola Adesiva Multiuso Y7000 110ml Display Celulares Gruda,Erro_Digitacao,Cola Adesiva Multiuso Y7000 110ml Displey Celulares Gruda
13,Cola Adesiva Multiuso Y7000 110ml Display Celulares Gruda,Erro_Digitacao,Cola Adesiva Multiuso Y7000 110ml Display Celulares Grudaa
14,"Camión Con Remolque A Control Remoto Escala 1:36, Velocity",Abreviacao,"Camión Con Remolque A Control Rem. Escala 1:36, Velocity"
14,"Camión Con Remolque A Control Remoto Escala 1:36, Velocity",Abreviacao,"Camión Con Remolque A Ctr. Remoto Escala 1:36, Velocity"
14,"Camión Con Remolque A Control Remoto Escala 1:36, Velocity",Notacao_Unidades,"Camión Con Remolque A Control Remoto Escala 1 para 36, Velocity"
14,"Camión Con Remolque A Control Remoto Escala 1:36, Velocity",Notacao_Unidades,"Camión Con Remolque A Control Remoto Escala 1:36 - 1 unidade, Velocity"
14,"Camión Con Remolque A Control Remoto Escala 1:36, Velocity",Erro_Digitacao,"Camión Con Remolque A Control Remoto Escala 1:36, Velociyt"
14,"Camión Con Remolque A Control Remoto Escala 1:36, Velocity",Erro_Digitacao,"Camión Con Remolque A Control Remoto Escala 1:36, Veloctiy"
15,Capa Tipo Camisinha Transparente Adão 100% Aprovado,Abreviacao,Capa Tipo Cam. Transp. Adão 100% Aprovado
15,Capa Tipo Camisinha Transparente Adão 100% Aprovado,Abreviacao,Capa Tp. Camisinha Transp. Adão 100% Aprovado
15,Capa Tipo Camisinha Transparente Adão 100% Aprovado,Notacao_Unidades,Capa Tipo Camisinha Transparente Adão 100 por cento Aprovado
15,Capa Tipo Camisinha Transparente Adão 100% Aprovado,Notacao_Unidades,Capa Tipo Camisinha Transparente Adão 1.0 Aprovado
15,Capa Tipo Camisinha Transparente Adão 100% Aprovado,Erro_Digitacao,Capa Tipo Camisinha Transparente Adão 100% Aproavdo
15,Capa Tipo Camisinha Transparente Adão 100% Aprovado,Erro_Digitacao,Capa Tipo Camisinha Transparetn Adão 100% Aprovado
16,Micro Servo Motor Tower Pro Mg90s Engrenagens De Metal,Abreviacao,Micro Servo Mot. Tower Pro Mg90s Engren. De Metal
16,Micro Servo Motor Tower Pro Mg90s Engrenagens De Metal,Abreviacao,Micro Servo Motor Tower Pro Mg90s Engren. Metal
16,Micro Servo Motor Tower Pro Mg90s Engrenagens De Metal,Notacao_Unidades,Micro Servo Motor Tower Pro Mg90s Engrenagens De Metálico
16,Micro Servo Motor Tower Pro Mg90s Engrenagens De Metal,Notacao_Unidades,Micro Servo Motor Tower Pro Mg90s Engrenagens De Mtl
16,Micro Servo Motor Tower Pro Mg90s Engrenagens De Metal,Erro_Digitacao,Micro Servo Motor Tower Pro Mg90s Engrenagens De Mteal
16,Micro Servo Motor Tower Pro Mg90s Engrenagens De Metal,Erro_Digitacao,Micro Servo Motor Tower Pro Mg90s Engrenagens De Metla
17,Base Ventilada Notebook Ultrabook 8 A 15.6 Suporte D/mesa,Abreviacao,Base Vent. Notebook Ultrabook 8 A 15.6 Suporte D/mesa
17,Base Ventilada Notebook Ultrabook 8 A 15.6 Suporte D/mesa,Abreviacao,Base Ventilada Notebook Ultrabook 8 A 15.6 Suporte Mesa
17,Base Ventilada Notebook Ultrabook 8 A 15.6 Suporte D/mesa,Notacao_Unidades,"Base Ventilada Notebook Ultrabook 8 A 15,6 polegadas Suporte D/mesa"
17,Base Ventilada Notebook Ultrabook 8 A 15.6 Suporte D/mesa,Notacao_Unidades,Base Ventilada Notebook Ultrabook 8 A 15.6in Suporte D/mesa
17,Base Ventilada Notebook Ultrabook 8 A 15.6 Suporte D/mesa,Erro_Digitacao,Base Ventilada Notebook Ultrabok 8 A 15.6 Suporte D/mesa
17,Base Ventilada Notebook Ultrabook 8 A 15.6 Suporte D/mesa,Erro_Digitacao,Base Ventilada Notebok Ultrabook 8 A 15.6 Suporte D/mesa
18,Impresora 3d Prusa I3 Mk2 Original,Abreviacao,Impr. 3d Prusa I3 Mk2 Original
18,Impresora 3d Prusa I3 Mk2 Original,Abreviacao,Impresora 3d Prusa I3 Mk2 Orig.
18,Impresora 3d Prusa I3 Mk2 Original,Notacao_Unidades,Impresora 3 dimensões Prusa I3 Mk2 Original
18,Impresora 3d Prusa I3 Mk2 Original,Notacao_Unidades,Impresora 3d Prusa I3 Mk2 Origem
18,Impresora 3d Prusa I3 Mk2 Original,Erro_Digitacao,Impresora 3d Prusa I3 Mk2 Orignial
18,Impresora 3d Prusa I3 Mk2 Original,Erro_Digitacao,Impresora 3d Prusa I3 Mk2 Orgiinal
19,200und  Guardanapos Papel Jantar 30x30 Personalizados,Abreviacao,200und Guardanapos Papel Jant. 30x30 Personalizados
19,200und  Guardanapos Papel Jantar 30x30 Personalizados,Abreviacao,200und Guardanapos Papel Jantar 30x30 Pers.
19,200und  Guardanapos Papel Jantar 30x30 Personalizados,Notacao_Unidades,200 unidades Guardanapos Papel Jantar 30x30 Personalizados
19,200und  Guardanapos Papel Jantar 30x30 Personalizados,Notacao_Unidades,200 un. Guardanapos Papel Jantar 30x30 Personalizados
19,200und  Guardanapos Papel Jantar 30x30 Personalizados,Erro_Digitacao,200und Guardanapos Papel Jantar 30x30 Persoanlizados
19,200und  Guardanapos Papel Jantar 30x30 Personalizados,Erro_Digitacao,200und Guardanapos Papel Jantar 30x30 Personlizados
20,Set Calculadora + Cartuchera Avon,Abreviacao,Set Calc. + Cartuchera Avon
20,Set Calculadora + Cartuchera Avon,Abreviacao,Set Calculadora + Cart. Avon
20,Set Calculadora + Cartuchera Avon,Notacao_Unidades,Set Calculadora + Cartuchera Avon 1un
20,Set Calculadora + Cartuchera Avon,Notacao_Unidades,Set Calculadora + Cartuchera Avon Unit
20,Set Calculadora + Cartuchera Avon,Erro_Digitacao,Set Calcuadora + Cartuchera Avon
20,Set Calculadora + Cartuchera Avon,Erro_Digitacao,Set Calculadora + Cartuchear Avon
21,Conjunto Placa Y Disco Sachs Chevrolet Meriva 03-13 1.8 8v,Abreviacao,Conj. Placa Y Disco Sachs Chev. Meriva 03-13 1.8 8v
21,Conjunto Placa Y Disco Sachs Chevrolet Meriva 03-13 1.8 8v,Abreviacao,Conjunto Placa Y Disco Sachs Chevrolet Meriva 03-13 1.8 8v
21,Conjunto Placa Y Disco Sachs Chevrolet Meriva 03-13 1.8 8v,Notacao_Unidades,Conjunto Placa Y Disco Sachs Chevrolet Meriva 03-13 1.8L 8v
21,Conjunto Placa Y Disco Sachs Chevrolet Meriva 03-13 1.8 8v,Notacao_Unidades,Conjunto Placa Y Disco Sachs Chevrolet Meriva 2003-2013 1.8 8v
21,Conjunto Placa Y Disco Sachs Chevrolet Meriva 03-13 1.8 8v,Erro_Digitacao,Conjunto Placa Y Disco Sachs Chevrolet Mervia 03-13 1.8 8v
21,Conjunto Placa Y Disco Sachs Chevrolet Meriva 03-13 1.8 8v,Erro_Digitacao,Conjunto Placa Y Disco Sachs Chevroelt Meriva 03-13 1.8 8v
22,Paraguas Wetcloud Diseño Corazón Con Letras,Abreviacao,Parag. Wetcloud Diseño Corazón Con Letras
22,Paraguas Wetcloud Diseño Corazón Con Letras,Abreviacao,Paraguas Wetcloud Diseño Corazón C/ Letras
22,Paraguas Wetcloud Diseño Corazón Con Letras,Notacao_Unidades,Paraguas Wetcloud Diseño Corazón Con Letras 1pza
22,Paraguas Wetcloud Diseño Corazón Con Letras,Notacao_Unidades,Paraguas Wetcloud Diseño Corazón Con Letras Unitário
22,Paraguas Wetcloud Diseño Corazón Con Letras,Erro_Digitacao,Paraguas Wetclodu Diseño Corazón Con Letras
22,Paraguas Wetcloud Diseño Corazón Con Letras,Erro_Digitacao,Paraguas Wetcloud Diseño Coarzón Con Letras
23,Arbol De Navidad Decorado De 30 Cm De Alto,Abreviacao,Arbol De Nav. Decorado De 30 Cm De Alto
23,Arbol De Navidad Decorado De 30 Cm De Alto,Abreviacao,Arbol De Navidad Decorado De 30 Cm De Alt.
23,Arbol De Navidad Decorado De 30 Cm De Alto,Notacao_Unidades,"Arbol De Navidad Decorado De 0,3 M De Alto"
23,Arbol De Navidad Decorado De 30 Cm De Alto,Notacao_Unidades,Arbol De Navidad Decorado De 300 Mm De Alto
23,Arbol De Navidad Decorado De 30 Cm De Alto,Erro_Digitacao,Arbol De Naviad Decorado De 30 Cm De Alto
23,Arbol De Navidad Decorado De 30 Cm De Alto,Erro_Digitacao,Arbol De Navidad Decorado De 30 Cm De Aol
24,Garrafa Antiga Minuano Limão 900 Ml - Âmbar - Bm,Abreviacao,Garrafa Ant. Minuano Limão 900 Ml - Âmbar - Bm
24,Garrafa Antiga Minuano Limão 900 Ml - Âmbar - Bm,Abreviacao,Garrafa Antiga Minuano Limão 900 Ml - Âmb. - Bm
24,Garrafa Antiga Minuano Limão 900 Ml - Âmbar - Bm,Notacao_Unidades,"Garrafa Antiga Minuano Limão 0,9 L - Âmbar - Bm"
24,Garrafa Antiga Minuano Limão 900 Ml - Âmbar - Bm,Notacao_Unidades,Garrafa Antiga Minuano Limão 900 Mililitros - Âmbar - Bm
24,Garrafa Antiga Minuano Limão 900 Ml - Âmbar - Bm,Erro_Digitacao,Garrafa Antiga Minuano Limão 900 Ml - Âmabr - Bm
24,Garrafa Antiga Minuano Limão 900 Ml - Âmbar - Bm,Erro_Digitacao,Garrafa Antiga Minuano Limão 900 Ml - Âmbar - Mb
25,Cone M Batata Frita Rustica E Frango 500 Pçs,Abreviacao,Cone M Batata Frita Rust. E Frango 500 Pçs
25,Cone M Batata Frita Rustica E Frango 500 Pçs,Abreviacao,Cone M Bat. Frita Rust. E Frango 500 Pçs
25,Cone M Batata Frita Rustica E Frango 500 Pçs,Notacao_Unidades,"Cone M Batata Frita Rustica E Frango 0,5 Mil Pçs"
25,Cone M Batata Frita Rustica E Frango 500 Pçs,Notacao_Unidades,Cone M Batata Frita Rustica E Frango 500 Unidades
25,Cone M Batata Frita Rustica E Frango 500 Pçs,Erro_Digitacao,Cone M Batata Frita Rustica E Frango 500 Pçss
25,Cone M Batata Frita Rustica E Frango 500 Pçs,Erro_Digitacao,Cone M Batata Frita Rustica E Frnago 500 Pçs
26,Favo De Mel Florada Silvestre 200 Gramas ,Abreviacao,Favo De Mel Flor. Silvestre 200 Gramas
26,Favo De Mel Florada Silvestre 200 Gramas ,Abreviacao,Favo De Mel Flor. Silv. 200 Gramas
26,Favo De Mel Florada Silvestre 200 Gramas ,Notacao_Unidades,"Favo De Mel Florada Silvestre 0,2 Kg"
26,Favo De Mel Florada Silvestre 200 Gramas ,Notacao_Unidades,Favo De Mel Florada Silvestre 200 g
26,Favo De Mel Florada Silvestre 200 Gramas ,Erro_Digitacao,Favo De Mel Florada Silvestree 200 Gramas
26,Favo De Mel Florada Silvestre 200 Gramas ,Erro_Digitacao,Favo De Mel Florda Silvestre 200 Gramas
27,Bateria Cr2032 C/100pçs,Abreviacao,Bat. Cr2032 C/100pçs
27,Bateria Cr2032 C/100pçs,Abreviacao,Bateria Cr2032 C/100 unidades
27,Bateria Cr2032 C/100pçs,Notacao_Unidades,Bateria Cr2032 C/100 pç
27,Bateria Cr2032 C/100pçs,Notacao_Unidades,Bateria Cr2032 C/cem pçs
27,Bateria Cr2032 C/100pçs,Erro_Digitacao,Bateria Cr2032 C/100pçs
27,Bateria Cr2032 C/100pçs,Erro_Digitacao,Bateria Cr2032 C/100pçs
28,"Faixa Abdominal Pós Cirurgica Unissex 4 Gomos / Painéis 1,5m",Abreviacao,"Faixa Abdom. Pós Cirúrg. Unissex 4 Gomos / Painéis 1,5m"
28,"Faixa Abdominal Pós Cirurgica Unissex 4 Gomos / Painéis 1,5m",Abreviacao,"Faixa Abdominal Pós Cirúrgica Unissex 4 Gomos / Pn 1,5m"
28,"Faixa Abdominal Pós Cirurgica Unissex 4 Gomos / Painéis 1,5m",Notacao_Unidades,Faixa Abdominal Pós Cirurgica Unissex 4 Gomos / Painéis 150cm
28,"Faixa Abdominal Pós Cirurgica Unissex 4 Gomos / Painéis 1,5m",Notacao_Unidades,"Faixa Abdominal Pós Cirurgica Unissex 4 Gomos / Painéis 1,5 metros"
28,"Faixa Abdominal Pós Cirurgica Unissex 4 Gomos / Painéis 1,5m",Erro_Digitacao,"Faixa Abdominal Pós Cirurgica Unissexx 4 Gomos / Painéis 1,5m"
28,"Faixa Abdominal Pós Cirurgica Unissex 4 Gomos / Painéis 1,5m",Erro_Digitacao,"Faixa Abdominal Pós Cirurgica Unissex 4 Gomos / Painéiss 1,5m"
29,Cargador Motorola Original Lomas De Zamora,Abreviacao,Carg. Motorola Original Lomas De Zamora
29,Cargador Motorola Original Lomas De Zamora,Abreviacao,Cargador Motorola Orig. Lomas De Zamora
29,Cargador Motorola Original Lomas De Zamora,Notacao_Unidades,Cargador Motorola Original Lomas De Zamora 1 Unid
29,Cargador Motorola Original Lomas De Zamora,Notacao_Unidades,Cargador Motorola Original Lomas De Zamora Kit 1
29,Cargador Motorola Original Lomas De Zamora,Erro_Digitacao,Cargador Motorolla Original Lomas De Zamora
29,Cargador Motorola Original Lomas De Zamora,Erro_Digitacao,Cargador Motorola Original Lomas De Zamorra
30,Pack X 13 Farol Jardin 32cm Exterior Apto Led E-27 Aluminio,Abreviacao,Pack X 13 Farl. Jard. 32cm Ext. Apto Led E-27 Alum.
30,Pack X 13 Farol Jardin 32cm Exterior Apto Led E-27 Aluminio,Abreviacao,Pack X 13 Farol Jardim 32cm Ext. Apto Led E-27 Alumínio
30,Pack X 13 Farol Jardin 32cm Exterior Apto Led E-27 Aluminio,Notacao_Unidades,"Pack X 13 Farol Jardin 0,32m Exterior Apto Led E-27 Aluminio"
30,Pack X 13 Farol Jardin 32cm Exterior Apto Led E-27 Aluminio,Notacao_Unidades,Pack X 13 Farol Jardin 320mm Exterior Apto Led E-27 Aluminio
30,Pack X 13 Farol Jardin 32cm Exterior Apto Led E-27 Aluminio,Erro_Digitacao,Pack X 13 Farol Jradin 32cm Exterior Apto Led E-27 Aluminio
30,Pack X 13 Farol Jardin 32cm Exterior Apto Led E-27 Aluminio,Erro_Digitacao,Pack X 13 Farol Jardin 32cm Exteiror Apto Led E-27 Aluminio
31,Clavos Bea Para Clavadora Neumatica Sk320,Abreviacao,Clavos Bea P/ Clav. Neum. Sk320
31,Clavos Bea Para Clavadora Neumatica Sk320,Abreviacao,Clavos Bea Para Clavadora Neumática Sk320
31,Clavos Bea Para Clavadora Neumatica Sk320,Notacao_Unidades,Clavos Bea Para Clavadora Neumatica Sk-320
31,Clavos Bea Para Clavadora Neumatica Sk320,Notacao_Unidades,Clavos Bea Para Clavadora Neumatica Modelo Sk320
31,Clavos Bea Para Clavadora Neumatica Sk320,Erro_Digitacao,Clavos Bea Para Clavadora Neumatiac Sk320
31,Clavos Bea Para Clavadora Neumatica Sk320,Erro_Digitacao,Clavos Bea Para Clavadorra Neumatica Sk320
32,Bateria Heliar 50 Jd *** New Civic- Crv***baterias Roby***,Abreviacao,Bat. Heliar 50 Jd *** New Civic- Crv***baterias Roby***
32,Bateria Heliar 50 Jd *** New Civic- Crv***baterias Roby***,Abreviacao,Bateria Heliar 50 Jd *** New Civic- Crv***bats. Roby***
32,Bateria Heliar 50 Jd *** New Civic- Crv***baterias Roby***,Notacao_Unidades,Bateria Heliar 50Ah Jd *** New Civic- Crv***baterias Roby***
32,Bateria Heliar 50 Jd *** New Civic- Crv***baterias Roby***,Notacao_Unidades,Bateria Heliar 50 Ampéres Jd *** New Civic- Crv***baterias Roby***
32,Bateria Heliar 50 Jd *** New Civic- Crv***baterias Roby***,Erro_Digitacao,Bateria Helair 50 Jd *** New Civic- Crv***baterias Roby***
32,Bateria Heliar 50 Jd *** New Civic- Crv***baterias Roby***,Erro_Digitacao,Bateria Heliar 50 Jd *** New Cvici- Crv***baterias Roby***
33,Ap Tp-link Wifi Powerline 4220 Av500  -24hs-,Abreviacao,Ap Tp-link Wifi Powerl. 4220 Av500 -24hs-
33,Ap Tp-link Wifi Powerline 4220 Av500  -24hs-,Abreviacao,Ap Tp-link Wifi Powerline 4220 Av500 -24h-
33,Ap Tp-link Wifi Powerline 4220 Av500  -24hs-,Notacao_Unidades,"Ap Tp-link Wifi Powerline 4220 Av-0,5k -24hs-"
33,Ap Tp-link Wifi Powerline 4220 Av500  -24hs-,Notacao_Unidades,Ap Tp-link Wifi Powerline 4220 Av 500Mbps -24hs-
33,Ap Tp-link Wifi Powerline 4220 Av500  -24hs-,Erro_Digitacao,Ap Tp-link Wfii Powerline 4220 Av500 -24hs-
33,Ap Tp-link Wifi Powerline 4220 Av500  -24hs-,Erro_Digitacao,Ap Tp-link Wifi Powerline 4220 Av500 -24sh-
34,Poster Idolos Rock Banda Audioslave Quadro Retrô Tam A2 09,Abreviacao,Post. Idolos Rock Banda Audioslave Quad. Retrô Tam A2 09
34,Poster Idolos Rock Banda Audioslave Quadro Retrô Tam A2 09,Abreviacao,Poster Idolos Rock Banda Audioslave Quad. Retrô Tam A2 09
34,Poster Idolos Rock Banda Audioslave Quadro Retrô Tam A2 09,Notacao_Unidades,Poster Idolos Rock Banda Audioslave Quadro Retrô 420x594mm 09
34,Poster Idolos Rock Banda Audioslave Quadro Retrô Tam A2 09,Notacao_Unidades,Poster Idolos Rock Banda Audioslave Quadro Retrô 42x59cm 09
34,Poster Idolos Rock Banda Audioslave Quadro Retrô Tam A2 09,Erro_Digitacao,Poster Idolos Rock Bnad Audioslave Quadro Retrô Tam A2 09
34,Poster Idolos Rock Banda Audioslave Quadro Retrô Tam A2 09,Erro_Digitacao,Poster Idolos Rock Banda Audioslvae Quadro Retrô Tam A2 09
35,11 Packs Husares A4 Cuadriculadas 5 Perforaciones,Abreviacao,11 Pcks Husares A4 Cuadric. 5 Perf.
35,11 Packs Husares A4 Cuadriculadas 5 Perforaciones,Abreviacao,11 Pacotes Husares A4 Cuad. 5 Perfor.
35,11 Packs Husares A4 Cuadriculadas 5 Perforaciones,Notacao_Unidades,11 Packs Husares A4 Cuadriculadas 5 Furos
35,11 Packs Husares A4 Cuadriculadas 5 Perforaciones,Notacao_Unidades,11 Packs Husares A4 Cuadriculadas 5 Perfur.
35,11 Packs Husares A4 Cuadriculadas 5 Perforaciones,Erro_Digitacao,11 Paks Husares A4 Cuadriculadas 5 Perforaciones
35,11 Packs Husares A4 Cuadriculadas 5 Perforaciones,Erro_Digitacao,11 Packs Husares A4 Cuadriculdas 5 Perforacines
36,Bomba De Agua   Skf Volkswagen 22210 8.3 L Diesel -,Abreviacao,Bomba D Agua Skf VW 22210 8.3 L Diesel
36,Bomba De Agua   Skf Volkswagen 22210 8.3 L Diesel -,Abreviacao,"Bmba D Agua Skf Volks 22210 8,3L Diesel"
36,Bomba De Agua   Skf Volkswagen 22210 8.3 L Diesel -,Notacao_Unidades,Bomba De Agua Skf Volkswagen 22210 8300ml Diesel
36,Bomba De Agua   Skf Volkswagen 22210 8.3 L Diesel -,Notacao_Unidades,"Bomba De Agua Skf Volkswagen 22210 8,3 Litros Diesel"
36,Bomba De Agua   Skf Volkswagen 22210 8.3 L Diesel -,Erro_Digitacao,Bomba De Agau Skf Volkswagen 22210 8.3 L Diesel
36,Bomba De Agua   Skf Volkswagen 22210 8.3 L Diesel -,Erro_Digitacao,Bomba De Agua Skf Volskwagen 22210 8.3 L Diesel
37,Inversora De Solda 160a Bivolt Boxer Flama 161 - Masc Fixa,Abreviacao,Inv. De Solda 160a Biv. Boxer Flama 161 - Masc Fixa
37,Inversora De Solda 160a Bivolt Boxer Flama 161 - Masc Fixa,Abreviacao,Inversora Solda 160a Bivolt Boxer Flama 161 - Msc Fixa
37,Inversora De Solda 160a Bivolt Boxer Flama 161 - Masc Fixa,Notacao_Unidades,Inversora De Solda 160 Amp Bivolt Boxer Flama 161 - Masc Fixa
37,Inversora De Solda 160a Bivolt Boxer Flama 161 - Masc Fixa,Notacao_Unidades,"Inversora De Solda 0,16ka Bivolt Boxer Flama 161 - Masc Fixa"
37,Inversora De Solda 160a Bivolt Boxer Flama 161 - Masc Fixa,Erro_Digitacao,Inversora De Solda 160a Bivolt Boxre Flama 161 - Masc Fixa
37,Inversora De Solda 160a Bivolt Boxer Flama 161 - Masc Fixa,Erro_Digitacao,Inversora De Solda 160a Bivolt Boxer Flama 161 - Masc Fxia
38,Combo Kit Xenon H7 8k + Hb4 8k + Bi-xenon Palio 6k ,Abreviacao,Combo Kit Xenon H7 8k + Hb4 8k + Bi-xen Palio 6k
38,Combo Kit Xenon H7 8k + Hb4 8k + Bi-xenon Palio 6k ,Abreviacao,Cmb Kit Xenon H7 8k + Hb4 8k + Bi-xenon Palio 6k
38,Combo Kit Xenon H7 8k + Hb4 8k + Bi-xenon Palio 6k ,Notacao_Unidades,Combo Kit Xenon H7 8000k + Hb4 8000k + Bi-xenon Palio 6000k
38,Combo Kit Xenon H7 8k + Hb4 8k + Bi-xenon Palio 6k ,Notacao_Unidades,Combo Kit Xenon H7 8k + Hb4 8k + Bi-xenon Palio 6k Kelvin
38,Combo Kit Xenon H7 8k + Hb4 8k + Bi-xenon Palio 6k ,Erro_Digitacao,Combo Kit Xeno H7 8k + Hb4 8k + Bi-xenon Palio 6k
38,Combo Kit Xenon H7 8k + Hb4 8k + Bi-xenon Palio 6k ,Erro_Digitacao,Combo Kit Xenon H7 8k + Hb4 8k + Bi-xennon Palio 6k
39,Dingo Dynostix - Pack 3 Unid (90 Gm),Abreviacao,Dingo Dynostix - Pck 3 Un (90 Gm)
39,Dingo Dynostix - Pack 3 Unid (90 Gm),Abreviacao,Dingo Dynostix - Pack 3 Ud (90 Gr)
39,Dingo Dynostix - Pack 3 Unid (90 Gm),Notacao_Unidades,"Dingo Dynostix - Pack 3 Unid (0,09 Kg)"
39,Dingo Dynostix - Pack 3 Unid (90 Gm),Notacao_Unidades,Dingo Dynostix - Pack 3 Unid (90 Gramas)
39,Dingo Dynostix - Pack 3 Unid (90 Gm),Erro_Digitacao,Dingo Dynostx - Pack 3 Unid (90 Gm)
39,Dingo Dynostix - Pack 3 Unid (90 Gm),Erro_Digitacao,Dingo Dynostix - Pack 3 Unid (90 Gmn)
40,Bordeadora De Cesped Black And Decker,Abreviacao,Bord. De Cesped B&D
40,Bordeadora De Cesped Black And Decker,Abreviacao,Bordeadora De Cesped Blk And Dck
40,Bordeadora De Cesped Black And Decker,Notacao_Unidades,Bordeadora De Cesped Black And Decker 1 uni
40,Bordeadora De Cesped Black And Decker,Notacao_Unidades,Bordeadora De Cesped Black And Decker un
40,Bordeadora De Cesped Black And Decker,Erro_Digitacao,Bordeadora De Cesped Blcak And Decker
40,Bordeadora De Cesped Black And Decker,Erro_Digitacao,Bordeadora De Cesped Black And Decer
41, Pelota Futbol Goalty Embo Nº 5 (3 Colores),Abreviacao,Pelota Fut. Goalty Embo Nº 5 (3 Cols)
41, Pelota Futbol Goalty Embo Nº 5 (3 Colores),Abreviacao,Pelota Futbol Goalty Embo Nº 5 (3 Col.)
41, Pelota Futbol Goalty Embo Nº 5 (3 Colores),Notacao_Unidades,Pelota Futbol Goalty Embo Nº Cinco (3 Colores)
41, Pelota Futbol Goalty Embo Nº 5 (3 Colores),Notacao_Unidades,Pelota Futbol Goalty Embo Nº 5.0 (3 Colores)
41, Pelota Futbol Goalty Embo Nº 5 (3 Colores),Erro_Digitacao,Pelota Futbol Goalty Emob Nº 5 (3 Colores)
41, Pelota Futbol Goalty Embo Nº 5 (3 Colores),Erro_Digitacao,Pelota Futbol Galty Embo Nº 5 (3 Colores)
42,Renault Gordini Jgo. Reparación De Carburador Solex 32 Pibt,Abreviacao,Ren. Gordini Jgo. Rep. Carburador Solex 32 Pibt
42,Renault Gordini Jgo. Reparación De Carburador Solex 32 Pibt,Abreviacao,Renault Gordini Jgo. Reparacion De Carb. Solex 32 Pibt
42,Renault Gordini Jgo. Reparación De Carburador Solex 32 Pibt,Notacao_Unidades,Renault Gordini Jgo. Reparacion De Carburador Solex 32mm Pibt
42,Renault Gordini Jgo. Reparación De Carburador Solex 32 Pibt,Notacao_Unidades,Renault Gordini Jgo. Reparacion De Carburador Solex 32.0 Pibt
42,Renault Gordini Jgo. Reparación De Carburador Solex 32 Pibt,Erro_Digitacao,Renualt Gordini Jgo. Reparacion De Carburador Solex 32 Pibt
42,Renault Gordini Jgo. Reparación De Carburador Solex 32 Pibt,Erro_Digitacao,Renault Gordini Jgo. Reparacion De Carburador Solex 32 Pitb
43,Tela A Cuadros,Abreviacao,Tela A Cuad.
43,Tela A Cuadros,Abreviacao,Tl. A Cuadros
43,Tela A Cuadros,Notacao_Unidades,Tela A Cuadros 1m
43,Tela A Cuadros,Notacao_Unidades,Tela A Cuadros 100cm
43,Tela A Cuadros,Erro_Digitacao,Tela A Cuadros
43,Tela A Cuadros,Erro_Digitacao,Tela A Caudros
44,Butaca Para Auto Bebesit Niño Bebe,Abreviacao,Butaca P/ Auto Bebesit Niño Bebe
44,Butaca Para Auto Bebesit Niño Bebe,Abreviacao,Butaca Para Auto Bebesit Nño Bb
44,Butaca Para Auto Bebesit Niño Bebe,Notacao_Unidades,Butaca Para Auto Bebesit Niño Bebe (1 unidad)
44,Butaca Para Auto Bebesit Niño Bebe,Notacao_Unidades,Butaca Para Auto Bebesit Niño Bebe 1u
44,Butaca Para Auto Bebesit Niño Bebe,Erro_Digitacao,Butaca Para Auto Bebesit Niño Beeb
44,Butaca Para Auto Bebesit Niño Bebe,Erro_Digitacao,Butaca Para Auto Bebesit Nñio Bebe
45,"Sapo Kit 1 Sapo, 1 Vieja, 1 Molinetes Y 10 Fichas",Abreviacao,"Sapo Kit 1 Sapo, 1 Viej, 1 Molin. Y 10 Fichas"
45,"Sapo Kit 1 Sapo, 1 Vieja, 1 Molinetes Y 10 Fichas",Abreviacao,"Sapo Kit 1 Sapo, 1 Viej, 1 Molin. E 10 Fichs"
45,"Sapo Kit 1 Sapo, 1 Vieja, 1 Molinetes Y 10 Fichas",Notacao_Unidades,"Sapo Kit 1 Sapo, 1 Vieja, 1 Molinetes Y 10 unidades de Fichas"
45,"Sapo Kit 1 Sapo, 1 Vieja, 1 Molinetes Y 10 Fichas",Notacao_Unidades,"Sapo Kit 1 Sapo, 1 Vieja, 1 Molinetes Y 10 un. Fichas"
45,"Sapo Kit 1 Sapo, 1 Vieja, 1 Molinetes Y 10 Fichas",Erro_Digitacao,"Sapo Kit 1 Sapo, 1 Vieja, 1 Molinetes Y 10 Fihcas"
45,"Sapo Kit 1 Sapo, 1 Vieja, 1 Molinetes Y 10 Fichas",Erro_Digitacao,"Sapo Kit 1 Sapo, 1 Vieja, 1 Molinets Y 10 Fichas"
46,Kit 2 Espeto Duplo 70cm 1 Duplo Chato 1 Garfo Burim,Abreviacao,Kit 2 Esp. Duplo 70cm 1 Duplo Chato 1 Garfo Burim
46,Kit 2 Espeto Duplo 70cm 1 Duplo Chato 1 Garfo Burim,Abreviacao,Kit 2 Espeto Duplo 70cm 1 Duplo Chat. 1 Garfo Burim
46,Kit 2 Espeto Duplo 70cm 1 Duplo Chato 1 Garfo Burim,Notacao_Unidades,"Kit 2 Espeto Duplo 0,7m 1 Duplo Chato 1 Garfo Burim"
46,Kit 2 Espeto Duplo 70cm 1 Duplo Chato 1 Garfo Burim,Notacao_Unidades,Kit 2 Espeto Duplo 700mm 1 Duplo Chato 1 Garfo Burim
46,Kit 2 Espeto Duplo 70cm 1 Duplo Chato 1 Garfo Burim,Erro_Digitacao,Kit 2 Espeto Duplo 70nc 1 Duplo Chato 1 Garfo Burim
46,Kit 2 Espeto Duplo 70cm 1 Duplo Chato 1 Garfo Burim,Erro_Digitacao,Kit 2 Espeto Duplo 70cm 1 Duplo Chato 1 Garfo Burimn
47,Mini Macaco Automotivo Joelho Mercedes Classe C Para 800kg,Abreviacao,Mini Macaco Autom. Joelho Mercedes Classe C Para 800kg
47,Mini Macaco Automotivo Joelho Mercedes Classe C Para 800kg,Abreviacao,Mini Macaco Automotivo Joelho Mercede. Classe C Para 800kg
47,Mini Macaco Automotivo Joelho Mercedes Classe C Para 800kg,Notacao_Unidades,"Mini Macaco Automotivo Joelho Mercedes Classe C Para 0,8t"
47,Mini Macaco Automotivo Joelho Mercedes Classe C Para 800kg,Notacao_Unidades,Mini Macaco Automotivo Joelho Mercedes Classe C Para 800 kilos
47,Mini Macaco Automotivo Joelho Mercedes Classe C Para 800kg,Erro_Digitacao,Mini Macaco Automotivo Joelho Merce des Classe C Para 800kg
47,Mini Macaco Automotivo Joelho Mercedes Classe C Para 800kg,Erro_Digitacao,Mini Macaco Automotivo Joelho Mercedes Classe C Para 800kgk
48,Modelador Cachos Cabelo Moda Beleza Prancha Secador,Abreviacao,Modelador Cachos Cabelo Moda Beleza Prancha Sec.
48,Modelador Cachos Cabelo Moda Beleza Prancha Secador,Abreviacao,Modelador Cachos Cabelo Moda Belez. Prancha Secador
48,Modelador Cachos Cabelo Moda Beleza Prancha Secador,Notacao_Unidades,Modelador Cachos Cabelo Moda Beleza Prancha Secador (unidade)
48,Modelador Cachos Cabelo Moda Beleza Prancha Secador,Notacao_Unidades,Modelador Cachos Cabelo Moda Beleza Prancha Secador 1 un
48,Modelador Cachos Cabelo Moda Beleza Prancha Secador,Erro_Digitacao,Modelador Cachos Cabelo Moda Bele za Prancha Secador
48,Modelador Cachos Cabelo Moda Beleza Prancha Secador,Erro_Digitacao,Modelador Cachos Cabelo Moda Beleza Prancha Secadorr
49,Pileta De Lona Mor 3.20x1.64x0.58 Mts 3000 Lts ,Abreviacao,Pileta De Lona Mor 3.20x1.64x0.58 Mts 3000 L.
49,Pileta De Lona Mor 3.20x1.64x0.58 Mts 3000 Lts ,Abreviacao,Pileta De Lona Mor 3.20x1.64x0.58 M. 3000 Lts
49,Pileta De Lona Mor 3.20x1.64x0.58 Mts 3000 Lts ,Notacao_Unidades,"Pileta De Lona Mor 3,2m x 1,64m x 0,58m 3000 Lts"
49,Pileta De Lona Mor 3.20x1.64x0.58 Mts 3000 Lts ,Notacao_Unidades,Pileta De Lona Mor 3.20x1.64x0.58 Mts 3 m3
49,Pileta De Lona Mor 3.20x1.64x0.58 Mts 3000 Lts ,Erro_Digitacao,Pileta De Lona Mor 3.20x1.64x0.58 Mts 3000 Lst
49,Pileta De Lona Mor 3.20x1.64x0.58 Mts 3000 Lts ,Erro_Digitacao,Pileta De Lona Mor 3.20x1.64x0.58 Mts 3000 Lts s
50,Switch Tp-link Tl-sg1016 16 Bocas 10/100 Rackeable 32 Gbps,Abreviacao,Swtch Tp-link Tl-sg1016 16 Bcs 10/100 Rackeable 32 Gbps
50,Switch Tp-link Tl-sg1016 16 Bocas 10/100 Rackeable 32 Gbps,Abreviacao,Switch Tp-link Tl-sg1016 16 Portas 10/100 Rck 32 Gbps
50,Switch Tp-link Tl-sg1016 16 Bocas 10/100 Rackeable 32 Gbps,Notacao_Unidades,Switch Tp-link Tl-sg1016 16 Bocas 10/100 Rackeable 32 Gigabits por segundo
50,Switch Tp-link Tl-sg1016 16 Bocas 10/100 Rackeable 32 Gbps,Notacao_Unidades,Switch Tp-link Tl-sg1016 16 Bocas 10/100 Rackeable 0.032 Tbps
50,Switch Tp-link Tl-sg1016 16 Bocas 10/100 Rackeable 32 Gbps,Erro_Digitacao,Swtich Tp-link Tl-sg1016 16 Bocas 10/100 Rackeable 32 Gbps
50,Switch Tp-link Tl-sg1016 16 Bocas 10/100 Rackeable 32 Gbps,Erro_Digitacao,Switch Tp-link Tl-sg1016 16 Bocas 10/100 Rackeable 32 Gpbs
51,"Cama Elástica Pula Pula 1,50m - Frete Gratis",Abreviacao,"Cm Elástica Pula Pula 1,50m - Frete Grat."
51,"Cama Elástica Pula Pula 1,50m - Frete Gratis",Abreviacao,"Cama Elast. Pula Pula 1,50m - Fret Grátis"
51,"Cama Elástica Pula Pula 1,50m - Frete Gratis",Notacao_Unidades,Cama Elástica Pula Pula 150cm - Frete Gratis
51,"Cama Elástica Pula Pula 1,50m - Frete Gratis",Notacao_Unidades,"Cama Elástica Pula Pula 1,5m - Frete Gratis"
51,"Cama Elástica Pula Pula 1,50m - Frete Gratis",Erro_Digitacao,"Cama Elástcia Pula Pula 1,50m - Frete Gratis"
51,"Cama Elástica Pula Pula 1,50m - Frete Gratis",Erro_Digitacao,"Cama Elástica Pula Pula 1,50m - Fret Gratis"
52,Cinturones De Seguridad Volkswagen Vento Passat Liquido!,Abreviacao,Cint. De Seg. Volkswagen Vento Passat Liquido!
52,Cinturones De Seguridad Volkswagen Vento Passat Liquido!,Abreviacao,Cinturones De Seg. VW Vento Passat Liq!
52,Cinturones De Seguridad Volkswagen Vento Passat Liquido!,Notacao_Unidades,Cinturones De Seguridad Volkswagen Vento Passat Liquido! (Kit)
52,Cinturones De Seguridad Volkswagen Vento Passat Liquido!,Notacao_Unidades,Cinturones De Seguridad Volkswagen Vento Passat Liquido! (Unidade)
52,Cinturones De Seguridad Volkswagen Vento Passat Liquido!,Erro_Digitacao,Cinturones De Seguridade Volkswagen Vento Passat Liquido!
52,Cinturones De Seguridad Volkswagen Vento Passat Liquido!,Erro_Digitacao,Cinturones De Seguridad Volkswagen Vento Passat Liqiudo!
53,Flexivel Freio Dianteiro Toyota Hilux 4x4 Após 1996/ 355mm,Abreviacao,Flex. Freio Diant. Toyota Hilux 4x4 Após 1996/ 355mm
53,Flexivel Freio Dianteiro Toyota Hilux 4x4 Após 1996/ 355mm,Abreviacao,Flexivel Freio Dianteiro Toyota Hilux 4x4 Após 96/ 355mm
53,Flexivel Freio Dianteiro Toyota Hilux 4x4 Após 1996/ 355mm,Notacao_Unidades,"Flexivel Freio Dianteiro Toyota Hilux 4x4 Após 1996/ 35,5cm"
53,Flexivel Freio Dianteiro Toyota Hilux 4x4 Após 1996/ 355mm,Notacao_Unidades,"Flexivel Freio Dianteiro Toyota Hilux 4x4 Após 1996/ 0,355m"
53,Flexivel Freio Dianteiro Toyota Hilux 4x4 Após 1996/ 355mm,Erro_Digitacao,Flexivel Freio Dianteiro Toyota Hilux 4x4 Apó s1996/ 355mm
53,Flexivel Freio Dianteiro Toyota Hilux 4x4 Após 1996/ 355mm,Erro_Digitacao,Flexivel Freio Dianteiro Toyota Hilux 4x4 Após 1996/ 355nm
54,Rosario En Piedras Para Hombre,Abreviacao,Ros. Em Piedras Para Homem
54,Rosario En Piedras Para Hombre,Abreviacao,Rosario Em Pdr Para Hombre
54,Rosario En Piedras Para Hombre,Notacao_Unidades,Rosario En Piedras Para Hombre (1 unidade)
54,Rosario En Piedras Para Hombre,Notacao_Unidades,Rosario En Piedras Para Hombre (1 un)
54,Rosario En Piedras Para Hombre,Erro_Digitacao,Rsoario En Piedras Para Hombre
54,Rosario En Piedras Para Hombre,Erro_Digitacao,Rosario En Piedras Para Homber
55,"Máscara De Mascarada Divinidad Con Plumas Pure Seasons, Café",Abreviacao,"Masc. De Mascarada Divinidad Con Plumas Pure Seasons, Café"
55,"Máscara De Mascarada Divinidad Con Plumas Pure Seasons, Café",Abreviacao,"Máscara De Mascarada Divinidad C/ Plumas Pure Seasons, Café"
55,"Máscara De Mascarada Divinidad Con Plumas Pure Seasons, Café",Notacao_Unidades,"Máscara De Mascarada Divinidad Con Plumas Pure Seasons, Café (Cor: Marrom)"
55,"Máscara De Mascarada Divinidad Con Plumas Pure Seasons, Café",Notacao_Unidades,"Máscara De Mascarada Divinidad Con Plumas Pure Seasons, Marron"
55,"Máscara De Mascarada Divinidad Con Plumas Pure Seasons, Café",Erro_Digitacao,"Máscara De Mascarada Divinidda Con Plumas Pure Seasons, Café"
55,"Máscara De Mascarada Divinidad Con Plumas Pure Seasons, Café",Erro_Digitacao,"Máscara De Mascarada Divinidad Con Plumas Pure Seassons, Café"
56,Algodão100g Prensado Para Polimento C/ 10 Unidades - Zigzag,Abreviacao,Alg. 100g Prensado P/ Polimento C/ 10 Unid. - Zigzag
56,Algodão100g Prensado Para Polimento C/ 10 Unidades - Zigzag,Abreviacao,Algodão 100g Prensado Para Polimento C/ 10 Un. - Zigzag
56,Algodão100g Prensado Para Polimento C/ 10 Unidades - Zigzag,Notacao_Unidades,"Algodão 0,1kg Prensado Para Polimento C/ 10 Unidades - Zigzag"
56,Algodão100g Prensado Para Polimento C/ 10 Unidades - Zigzag,Notacao_Unidades,Algodão 100 gramas Prensado Para Polimento C/ 10 Unidades - Zigzag
56,Algodão100g Prensado Para Polimento C/ 10 Unidades - Zigzag,Erro_Digitacao,Algdoão 100g Prensado Para Polimento C/ 10 Unidades - Zigzag
56,Algodão100g Prensado Para Polimento C/ 10 Unidades - Zigzag,Erro_Digitacao,Algodão 100g Prensado Para Poliemnto C/ 10 Unidades - Zigzag
57,Remato Iluminacion Hogar Vs,Abreviacao,Rem. Ilum. Hogar Vs
57,Remato Iluminacion Hogar Vs,Abreviacao,Remato Iluminacion Hog. Vs
57,Remato Iluminacion Hogar Vs,Notacao_Unidades,Remato Iluminacion Hogar Vs (Versao 1)
57,Remato Iluminacion Hogar Vs,Notacao_Unidades,Remato Iluminacion Hogar Vs (Unidade)
57,Remato Iluminacion Hogar Vs,Erro_Digitacao,Remtao Iluminacion Hogar Vs
57,Remato Iluminacion Hogar Vs,Erro_Digitacao,Remato Iluminacion Hgoar Vs
58,"Shengshou 5x 5 X 5 V Iii, Velocidade De Quebra-cabeça Cubo,",Abreviacao,"Shengshou 5x5x5 V III, Vel. De Quebra-cab. Cubo,"
58,"Shengshou 5x 5 X 5 V Iii, Velocidade De Quebra-cabeça Cubo,",Abreviacao,"Shengshou 5x5x5 V III, Velocidade De Quebra-cabeça Cb,"
58,"Shengshou 5x 5 X 5 V Iii, Velocidade De Quebra-cabeça Cubo,",Notacao_Unidades,"Shengshou 5x5x5 V 3, Velocidade De Quebra-cabeça Cubo,"
58,"Shengshou 5x 5 X 5 V Iii, Velocidade De Quebra-cabeça Cubo,",Notacao_Unidades,"Shengshou 5x5x5 V III, Velocidade De Quebra-cabeça Cubo (Unidade)"
58,"Shengshou 5x 5 X 5 V Iii, Velocidade De Quebra-cabeça Cubo,",Erro_Digitacao,"Shengshou 5x 5 X 5 V Iii, Velocdiade De Quebra-cabeça Cubo,"
58,"Shengshou 5x 5 X 5 V Iii, Velocidade De Quebra-cabeça Cubo,",Erro_Digitacao,"Shengshou 5x 5 X 5 V Iii, Velocidade De Quebra-cabeça Cbuo,"
59,Kit Transmisión Chevrolet Captiva 2.2 Vcdi 11- Rue/der,Abreviacao,Kit Transm. Chevrolet Captiva 2.2 Vcdi 11- Rue/der
59,Kit Transmisión Chevrolet Captiva 2.2 Vcdi 11- Rue/der,Abreviacao,Kit Transmisión Chev. Captiva 2.2 Vcdi 11- Rue/der
59,Kit Transmisión Chevrolet Captiva 2.2 Vcdi 11- Rue/der,Notacao_Unidades,"Kit Transmisión Chevrolet Captiva 2,2 L Vcdi 11- Rue/der"
59,Kit Transmisión Chevrolet Captiva 2.2 Vcdi 11- Rue/der,Notacao_Unidades,Kit Transmisión Chevrolet Captiva 2200cc Vcdi 11- Rue/der
59,Kit Transmisión Chevrolet Captiva 2.2 Vcdi 11- Rue/der,Erro_Digitacao,Kit Transmisión Chevroelt Captiva 2.2 Vcdi 11- Rue/der
59,Kit Transmisión Chevrolet Captiva 2.2 Vcdi 11- Rue/der,Erro_Digitacao,Kit Transmisión Chevrolet Captiva 2.2 Vcdi 11- Rue/dre
60,Oferta! Cerámica San Lorenzo Caleta Pilkin Gris 2da 30x40,Abreviacao,Oferta! Cerám. San Lorenzo Caleta Pilkin Gris 2da 30x40
60,Oferta! Cerámica San Lorenzo Caleta Pilkin Gris 2da 30x40,Abreviacao,Ofert. Cerámica San Lorenzo Caleta Pilkin Gris 2da 30x40
60,Oferta! Cerámica San Lorenzo Caleta Pilkin Gris 2da 30x40,Notacao_Unidades,"Oferta! Cerámica San Lorenzo Caleta Pilkin Gris 2da 0,3x0,4m"
60,Oferta! Cerámica San Lorenzo Caleta Pilkin Gris 2da 30x40,Notacao_Unidades,Oferta! Cerámica San Lorenzo Caleta Pilkin Gris 2da 300x400mm
60,Oferta! Cerámica San Lorenzo Caleta Pilkin Gris 2da 30x40,Erro_Digitacao,Oferta! Cerámica San Lornzeo Caleta Pilkin Gris 2da 30x40
60,Oferta! Cerámica San Lorenzo Caleta Pilkin Gris 2da 30x40,Erro_Digitacao,Oferta! Cerámica San Lorenzo Caleta Pilkin Gris 2da 30x4o
61,Pcb Bms 15a 6s 24v Junta De Protección Para 18650 Li-ion De ,Abreviacao,Pcb Bms 15a 6s 24v Jta. De Prot. Para 18650 Li-ion De
61,Pcb Bms 15a 6s 24v Junta De Protección Para 18650 Li-ion De ,Abreviacao,Pcb Bms 15a 6s 24v Junta De Prot. Para 18650 Li-ion De
61,Pcb Bms 15a 6s 24v Junta De Protección Para 18650 Li-ion De ,Notacao_Unidades,Pcb Bms 15amper 6s 24v Junta De Protección Para 18650 Li-ion De
61,Pcb Bms 15a 6s 24v Junta De Protección Para 18650 Li-ion De ,Notacao_Unidades,"Pcb Bms 15a 6s 0,024kv Junta De Protección Para 18650 Li-ion De"
61,Pcb Bms 15a 6s 24v Junta De Protección Para 18650 Li-ion De ,Erro_Digitacao,Pcb Bms 15a 6s 24v Junta De Proteção Para 18650 Li-ion De
61,Pcb Bms 15a 6s 24v Junta De Protección Para 18650 Li-ion De ,Erro_Digitacao,Pcb Bms 15a 6s 24v Junta De Protrección Para 18650 Li-ion De
62,Novation Nio 2/4 Placa De Sonido 2 In 2 4 Out -dsp,Abreviacao,Novation Nio 2/4 Placa De Som 2 In 2 4 Out -dsp
62,Novation Nio 2/4 Placa De Sonido 2 In 2 4 Out -dsp,Abreviacao,Novation Nio 2/4 Placa De Sonido 2 In 2 4 Out -dsp
62,Novation Nio 2/4 Placa De Sonido 2 In 2 4 Out -dsp,Notacao_Unidades,Novation Nio 2/4 Placa De Sonido 2 Entradas 4 Saídas -dsp
62,Novation Nio 2/4 Placa De Sonido 2 In 2 4 Out -dsp,Notacao_Unidades,Novation Nio 2/4 Placa De Sonido 2in 4out -dsp
62,Novation Nio 2/4 Placa De Sonido 2 In 2 4 Out -dsp,Erro_Digitacao,Novation Nio 2/4 Placa De Sondi De 2 In 2 4 Out -dsp
62,Novation Nio 2/4 Placa De Sonido 2 In 2 4 Out -dsp,Erro_Digitacao,Novation Nio 2/4 Placa De Sonido 2 In 2 4 Otu -dsp
63,Almohadon Bebes Niñas Tejido En Crochet Unicornio,Abreviacao,Almohadon Bebes Niñas Tej. En Crochet Unicornio
63,Almohadon Bebes Niñas Tejido En Crochet Unicornio,Abreviacao,Almohadon Bebes Niñas Tejido En Croch. Unicornio
63,Almohadon Bebes Niñas Tejido En Crochet Unicornio,Notacao_Unidades,Almohadon 1 Unid. Bebes Niñas Tejido En Crochet Unicornio
63,Almohadon Bebes Niñas Tejido En Crochet Unicornio,Notacao_Unidades,Almohadon Bebes Niñas Tejido En Crochet 1 Unit. Unicornio
63,Almohadon Bebes Niñas Tejido En Crochet Unicornio,Erro_Digitacao,Almohadon Bebes Niñas Teijdo En Crochet Unicornio
63,Almohadon Bebes Niñas Tejido En Crochet Unicornio,Erro_Digitacao,Almohadon Bebes Niñas Tejido En Crohcet Unicornio
64,"Frapera Homero, Boca Y River Hermosas! Chapa De Zinc X 6und",Abreviacao,"Frapera Homero, Boca Y River Hermosas! Chapa De Zinc X 6u."
64,"Frapera Homero, Boca Y River Hermosas! Chapa De Zinc X 6und",Abreviacao,"Frapera Homero, Boca Y River Hermosas! Chapa De Zinc X 6und."
64,"Frapera Homero, Boca Y River Hermosas! Chapa De Zinc X 6und",Notacao_Unidades,"Frapera Homero, Boca Y River Hermosas! Chapa De Zinc Pacote 6"
64,"Frapera Homero, Boca Y River Hermosas! Chapa De Zinc X 6und",Notacao_Unidades,"Frapera Homero, Boca Y River Hermosas! Chapa De Zinc 6 unidades"
64,"Frapera Homero, Boca Y River Hermosas! Chapa De Zinc X 6und",Erro_Digitacao,"Frapera Homero, Boca Y River Hermosas! Chapa De Znic X 6und"
64,"Frapera Homero, Boca Y River Hermosas! Chapa De Zinc X 6und",Erro_Digitacao,"Frapera Homero, Boca Y River Hermosas! Chapa De Zinc X 6udn"
65,Estabilizador Dslr + Engate Rápido,Abreviacao,Estabiliz. Dslr + Engate Ráp.
65,Estabilizador Dslr + Engate Rápido,Abreviacao,Estabil. Dslr + Eng. Rápido
65,Estabilizador Dslr + Engate Rápido,Notacao_Unidades,Estabilizador Dslr + Engate Rápido 1un
65,Estabilizador Dslr + Engate Rápido,Notacao_Unidades,Estabilizador Dslr + Engate Rápido unit
65,Estabilizador Dslr + Engate Rápido,Erro_Digitacao,Estabilizadror Dslr + Engate Rápido
65,Estabilizador Dslr + Engate Rápido,Erro_Digitacao,Estabilizador Dslr + Engate Rápidp
66,Tapa De Cilindro Peugueot 205 1.4,Abreviacao,Tapa Cil. Peugueot 205 1.4
66,Tapa De Cilindro Peugueot 205 1.4,Abreviacao,Tapa de Cil. Peugueot 205 1.4
66,Tapa De Cilindro Peugueot 205 1.4,Notacao_Unidades,Tapa De Cilindro Peugueot 205 1400cc
66,Tapa De Cilindro Peugueot 205 1.4,Notacao_Unidades,Tapa De Cilindro Peugueot 205 1.4L
66,Tapa De Cilindro Peugueot 205 1.4,Erro_Digitacao,Tapa De Cilindro Peugueot 205 1.44
66,Tapa De Cilindro Peugueot 205 1.4,Erro_Digitacao,Tapa De Cilindro Peugueot 205 1.54
67,Burlete Baul Renault 12 1990 A 1994,Abreviacao,Burlete Baul Ren. 12 1990-1994
67,Burlete Baul Renault 12 1990 A 1994,Abreviacao,Burlete Baul Renault 12 90 a 94
67,Burlete Baul Renault 12 1990 A 1994,Notacao_Unidades,Burlete Baul Renault 12 1990 ate 1994
67,Burlete Baul Renault 12 1990 A 1994,Notacao_Unidades,Burlete Baul Renault 12 periodo 90-94
67,Burlete Baul Renault 12 1990 A 1994,Erro_Digitacao,Burlete Baul Renualt 12 1990 A 1994
67,Burlete Baul Renault 12 1990 A 1994,Erro_Digitacao,Burlete Baul Renault 12 1990 A 1949
68,Tablero Encendido Estre-trian Abb 15-20- 25 Hp Faoelectric,Abreviacao,Tablero Enc. Estre-trian Abb 15-20-25 Hp Faoelect.
68,Tablero Encendido Estre-trian Abb 15-20- 25 Hp Faoelectric,Abreviacao,Tablero Encendido Estre-trian Abb 15-20-25 Hp Faoelec
68,Tablero Encendido Estre-trian Abb 15-20- 25 Hp Faoelectric,Notacao_Unidades,Tablero Encendido Estre-trian Abb 15 20 25 Horsepower Faoelectric
68,Tablero Encendido Estre-trian Abb 15-20- 25 Hp Faoelectric,Notacao_Unidades,Tablero Encendido Estre-trian Abb 15-20-25 Hp Faoelectric
68,Tablero Encendido Estre-trian Abb 15-20- 25 Hp Faoelectric,Erro_Digitacao,Tablero Encendido Estre-trian Abb 15-20- 25 Hp Faoelectirc
68,Tablero Encendido Estre-trian Abb 15-20- 25 Hp Faoelectric,Erro_Digitacao,Tablero Encendido Estre-trian Abb 15-20- 25 Hp Faoelctric
69,"Kit Para Notebook Cifra 6 Elementos, Con Estuche Y Cierre",Abreviacao,"Kit p/ Notebook Cifra 6 Elem., c/ Estuche e Cierre"
69,"Kit Para Notebook Cifra 6 Elementos, Con Estuche Y Cierre",Abreviacao,"Kit p/ Notebook Cifra 6 Elem., Con Estuche y Cierre"
69,"Kit Para Notebook Cifra 6 Elementos, Con Estuche Y Cierre",Notacao_Unidades,"Kit Para Notebook Cifra 6 unidades, Con Estuche Y Cierre"
69,"Kit Para Notebook Cifra 6 Elementos, Con Estuche Y Cierre",Notacao_Unidades,"Kit Para Notebook Cifra 6 peças, Con Estuche Y Cierre"
69,"Kit Para Notebook Cifra 6 Elementos, Con Estuche Y Cierre",Erro_Digitacao,"Kit Para Notebook Cifra 6 Elementos, Con Estueche Y Cierre"
69,"Kit Para Notebook Cifra 6 Elementos, Con Estuche Y Cierre",Erro_Digitacao,"Kit Para Notebook Cifra 6 Elementos, Con Estuche Y Cirere"
70,Lija Al Agua 3m Grano 100 - Pisano,Abreviacao,Lija Al Agua 3m Gr. 100 - Pisano
70,Lija Al Agua 3m Grano 100 - Pisano,Abreviacao,Lija Al Ag. 3m Grano 100 - Pisano
70,Lija Al Agua 3m Grano 100 - Pisano,Notacao_Unidades,Lija Al Agua 3m Grano 100 - Pisano 100gr
70,Lija Al Agua 3m Grano 100 - Pisano,Notacao_Unidades,Lija Al Agua 3m Grano 100 - Pisano 100g
70,Lija Al Agua 3m Grano 100 - Pisano,Erro_Digitacao,Lija Al Agau 3m Grano 100 - Pisano
70,Lija Al Agua 3m Grano 100 - Pisano,Erro_Digitacao,Lija Al Agua 3m Grano 100 - Pisnao
71,Lente Dispatch 2 Bronze Brown Polarizada - Bott Lenses,Abreviacao,Lente Dispatch 2 Bronze Brown Pol. - Bott Lenses
71,Lente Dispatch 2 Bronze Brown Polarizada - Bott Lenses,Abreviacao,Lente Dispatch 2 Bronze Brown Polariz. - Bott Lenses
71,Lente Dispatch 2 Bronze Brown Polarizada - Bott Lenses,Notacao_Unidades,Lente Dispatch 2 Bronze Brown Polarizada - Bott Lenses 2un
71,Lente Dispatch 2 Bronze Brown Polarizada - Bott Lenses,Notacao_Unidades,Lente Dispatch 2 Bronze Brown Polarizada - Bott Lenses 2 unidades
71,Lente Dispatch 2 Bronze Brown Polarizada - Bott Lenses,Erro_Digitacao,Lente Disptach 2 Bronze Brown Polarizada - Bott Lenses
71,Lente Dispatch 2 Bronze Brown Polarizada - Bott Lenses,Erro_Digitacao,Lente Dispatch 2 Bronze Brown Polariadza - Bott Lenses
72,"Limpia Tapizados Para Renault 21 Alize, Sealpro",Abreviacao,"Limpia Tap. Para Renault 21 Alize, Sealpro"
72,"Limpia Tapizados Para Renault 21 Alize, Sealpro",Abreviacao,"Limpia Tapizados Para Ren. 21 Alize, Sealpro"
72,"Limpia Tapizados Para Renault 21 Alize, Sealpro",Notacao_Unidades,"Limpia Tapizados Para Renault 21 Alize, Sealpro 21un"
72,"Limpia Tapizados Para Renault 21 Alize, Sealpro",Notacao_Unidades,"Limpia Tapizados Para Renault 21 Alize, Sealpro 21 unidades"
72,"Limpia Tapizados Para Renault 21 Alize, Sealpro",Erro_Digitacao,"Limpia Tapizados Para Renualt 21 Alize, Sealpro"
72,"Limpia Tapizados Para Renault 21 Alize, Sealpro",Erro_Digitacao,"Limpia Tapizados Para Renault 21 Alize, Sealpor"
73,Estojo Kipling Duobox Original 1290805o Balloon Loja Pixolé,Abreviacao,Estojo Kipling Duobox Orig. 1290805o Balloon Loja Pixolé
73,Estojo Kipling Duobox Original 1290805o Balloon Loja Pixolé,Abreviacao,Estojo Kipling Duobox Original 1290805o Balloon Lj Pixolé
73,Estojo Kipling Duobox Original 1290805o Balloon Loja Pixolé,Notacao_Unidades,Estojo Kipling Duobox Original 1290805o Balloon Loja Pixolé 1un
73,Estojo Kipling Duobox Original 1290805o Balloon Loja Pixolé,Notacao_Unidades,Estojo Kipling Duobox Original 1290805o Balloon Loja Pixolé 1 unidade
73,Estojo Kipling Duobox Original 1290805o Balloon Loja Pixolé,Erro_Digitacao,Estojo Kipling Duobox Orignial 1290805o Balloon Loja Pixolé
73,Estojo Kipling Duobox Original 1290805o Balloon Loja Pixolé,Erro_Digitacao,Estojo Kipling Duobox Original 1290805o Balloon Loja Pxiolé
74,Sombra Compacta   Elizabeth Arden  001-007-014,Abreviacao,Sombra Comp. Elizabeth Arden 001-007-014
74,Sombra Compacta   Elizabeth Arden  001-007-014,Abreviacao,Sombra Compacta Eliz. Arden 001-007-014
74,Sombra Compacta   Elizabeth Arden  001-007-014,Notacao_Unidades,Sombra Compacta Elizabeth Arden 001-007-014 3un
74,Sombra Compacta   Elizabeth Arden  001-007-014,Notacao_Unidades,Sombra Compacta Elizabeth Arden 001-007-014 3 unidades
74,Sombra Compacta   Elizabeth Arden  001-007-014,Erro_Digitacao,Sombra Compacta Elizbaeth Arden 001-007-014
74,Sombra Compacta   Elizabeth Arden  001-007-014,Erro_Digitacao,Sombra Compacta Elizabeth Arden 001-007-041
75,"Garrafão Térmico 5,0 Litros Termolar Vermelho",Abreviacao,"Garraf. Térmico 5,0 Litros Termolar Verm."
75,"Garrafão Térmico 5,0 Litros Termolar Vermelho",Abreviacao,"Garrafão Tér. 5,0 L Termolar Vermelho"
75,"Garrafão Térmico 5,0 Litros Termolar Vermelho",Notacao_Unidades,Garrafão Térmico 5000ml Termolar Vermelho
75,"Garrafão Térmico 5,0 Litros Termolar Vermelho",Notacao_Unidades,Garrafão Térmico 5 L Termolar Vermelho
75,"Garrafão Térmico 5,0 Litros Termolar Vermelho",Erro_Digitacao,"Garrafão Térmicp 5,0 Litros Termolar Vermelho"
75,"Garrafão Térmico 5,0 Litros Termolar Vermelho",Erro_Digitacao,"Garrafão Térmico 5,0 Litros Termoalr Vermelho"
76,Nueces Con Cascara Bolsa De 5 Kg Sin Quimicos,Abreviacao,Nueces Con Cascara Bolsa De 5 Kg S/ Quimicos
76,Nueces Con Cascara Bolsa De 5 Kg Sin Quimicos,Abreviacao,Nueces Con Cascara Bols. De 5 Kg Sin Quim.
76,Nueces Con Cascara Bolsa De 5 Kg Sin Quimicos,Notacao_Unidades,Nueces Con Cascara Bolsa De 5000g Sin Quimicos
76,Nueces Con Cascara Bolsa De 5 Kg Sin Quimicos,Notacao_Unidades,Nueces Con Cascara Bolsa De 5 kilos Sin Quimicos
76,Nueces Con Cascara Bolsa De 5 Kg Sin Quimicos,Erro_Digitacao,Nueces Con Cascara Bolas De 5 Kg Sin Quimicos
76,Nueces Con Cascara Bolsa De 5 Kg Sin Quimicos,Erro_Digitacao,Nueces Con Cascara Bolsa De 5 Kg Sin Quimcios
77,Película Adesiva Jateado Translúcido,Abreviacao,Pelíc. Adesiva Jateado Transl.
77,Película Adesiva Jateado Translúcido,Abreviacao,Película Ades. Jateado Transluc.
77,Película Adesiva Jateado Translúcido,Notacao_Unidades,Película Adesiva Jateado Translúcido 1un
77,Película Adesiva Jateado Translúcido,Notacao_Unidades,Película Adesiva Jateado Translúcido unitário
77,Película Adesiva Jateado Translúcido,Erro_Digitacao,Pelícla Adesiva Jateado Translúcido
77,Película Adesiva Jateado Translúcido,Erro_Digitacao,Película Adesiva Jateado Translucido
78,Netbook Acer Aspire One Oportunidad,Abreviacao,Netb. Acer Aspire One Oport.
78,Netbook Acer Aspire One Oportunidad,Abreviacao,Netbook Acer Asp. One Oportunidad
78,Netbook Acer Aspire One Oportunidad,Notacao_Unidades,Netbook Acer Aspire One 1 unidade Oportunidad
78,Netbook Acer Aspire One Oportunidad,Notacao_Unidades,Netbook Acer Aspire One unico Oportunidad
78,Netbook Acer Aspire One Oportunidad,Erro_Digitacao,Netbok Acer Aspire One Oportunidad
78,Netbook Acer Aspire One Oportunidad,Erro_Digitacao,Netbook Acer Aspire One Oportunidade
79,Arranhador Para Gatos Poste Cat Sustentável Luppet Rosa,Abreviacao,Arranhador Para Gatos Poste Cat Sustent. Luppet Rosa
79,Arranhador Para Gatos Poste Cat Sustentável Luppet Rosa,Abreviacao,Arranh. Para Gatos Poste Cat Sustentável Luppet Rosa
79,Arranhador Para Gatos Poste Cat Sustentável Luppet Rosa,Notacao_Unidades,Arranhador Para Gatos Poste Cat Sustentável Luppet Rosa 1un
79,Arranhador Para Gatos Poste Cat Sustentável Luppet Rosa,Notacao_Unidades,Arranhador Para Gatos Poste Cat Sustentável Luppet Rosa unit
79,Arranhador Para Gatos Poste Cat Sustentável Luppet Rosa,Erro_Digitacao,Arranhador Para Gatos Postte Cat Sustentável Luppet Rosa
79,Arranhador Para Gatos Poste Cat Sustentável Luppet Rosa,Erro_Digitacao,Arranhador Para Gatos Poste Cat Sustentável Luppet Roas
80, Corona Catalano Zanella Rx200 P428 43d ,Fallback_Erro_LLM, Corona Catalano Zanella Rx200 P428 43d 
80, Corona Catalano Zanella Rx200 P428 43d ,Fallback_Erro_LLM, Corona Catalano Zanella Rx200 P428 43d 
80, Corona Catalano Zanella Rx200 P428 43d ,Fallback_Erro_LLM, Corona Catalano Zanella Rx200 P428 43d 
80, Corona Catalano Zanella Rx200 P428 43d ,Fallback_Erro_LLM, Corona Catalano Zanella Rx200 P428 43d 
80, Corona Catalano Zanella Rx200 P428 43d ,Fallback_Erro_LLM, Corona Catalano Zanella Rx200 P428 43d 
80, Corona Catalano Zanella Rx200 P428 43d ,Fallback_Erro_LLM, Corona Catalano Zanella Rx200 P428 43d 
81,"Cortina De Box Pvc Quadradinhos Preta 1,38mx1,98m Com Ilhós",Fallback_Erro_LLM,"Cortina De Box Pvc Quadradinhos Preta 1,38mx1,98m Com Ilhós"
81,"Cortina De Box Pvc Quadradinhos Preta 1,38mx1,98m Com Ilhós",Fallback_Erro_LLM,"Cortina De Box Pvc Quadradinhos Preta 1,38mx1,98m Com Ilhós"
81,"Cortina De Box Pvc Quadradinhos Preta 1,38mx1,98m Com Ilhós",Fallback_Erro_LLM,"Cortina De Box Pvc Quadradinhos Preta 1,38mx1,98m Com Ilhós"
81,"Cortina De Box Pvc Quadradinhos Preta 1,38mx1,98m Com Ilhós",Fallback_Erro_LLM,"Cortina De Box Pvc Quadradinhos Preta 1,38mx1,98m Com Ilhós"
81,"Cortina De Box Pvc Quadradinhos Preta 1,38mx1,98m Com Ilhós",Fallback_Erro_LLM,"Cortina De Box Pvc Quadradinhos Preta 1,38mx1,98m Com Ilhós"
81,"Cortina De Box Pvc Quadradinhos Preta 1,38mx1,98m Com Ilhós",Fallback_Erro_LLM,"Cortina De Box Pvc Quadradinhos Preta 1,38mx1,98m Com Ilhós"
82,Kit Repelente Off Aerossol Com 3 Unidades De 165ml,Fallback_Erro_LLM,Kit Repelente Off Aerossol Com 3 Unidades De 165ml
82,Kit Repelente Off Aerossol Com 3 Unidades De 165ml,Fallback_Erro_LLM,Kit Repelente Off Aerossol Com 3 Unidades De 165ml
82,Kit Repelente Off Aerossol Com 3 Unidades De 165ml,Fallback_Erro_LLM,Kit Repelente Off Aerossol Com 3 Unidades De 165ml
82,Kit Repelente Off Aerossol Com 3 Unidades De 165ml,Fallback_Erro_LLM,Kit Repelente Off Aerossol Com 3 Unidades De 165ml
82,Kit Repelente Off Aerossol Com 3 Unidades De 165ml,Fallback_Erro_LLM,Kit Repelente Off Aerossol Com 3 Unidades De 165ml
82,Kit Repelente Off Aerossol Com 3 Unidades De 165ml,Fallback_Erro_LLM,Kit Repelente Off Aerossol Com 3 Unidades De 165ml
83,Chaleco Pluma Boca Juniors Temporada 2019 - Nike Original - Envio Gratis,Fallback_Erro_LLM,Chaleco Pluma Boca Juniors Temporada 2019 - Nike Original - Envio Gratis
83,Chaleco Pluma Boca Juniors Temporada 2019 - Nike Original - Envio Gratis,Fallback_Erro_LLM,Chaleco Pluma Boca Juniors Temporada 2019 - Nike Original - Envio Gratis
83,Chaleco Pluma Boca Juniors Temporada 2019 - Nike Original - Envio Gratis,Fallback_Erro_LLM,Chaleco Pluma Boca Juniors Temporada 2019 - Nike Original - Envio Gratis
83,Chaleco Pluma Boca Juniors Temporada 2019 - Nike Original - Envio Gratis,Fallback_Erro_LLM,Chaleco Pluma Boca Juniors Temporada 2019 - Nike Original - Envio Gratis
83,Chaleco Pluma Boca Juniors Temporada 2019 - Nike Original - Envio Gratis,Fallback_Erro_LLM,Chaleco Pluma Boca Juniors Temporada 2019 - Nike Original - Envio Gratis
83,Chaleco Pluma Boca Juniors Temporada 2019 - Nike Original - Envio Gratis,Fallback_Erro_LLM,Chaleco Pluma Boca Juniors Temporada 2019 - Nike Original - Envio Gratis
84,Selim Fizik Gobi M5 Manganês Branco/cinza Mtb Original Nf,Fallback_Erro_LLM,Selim Fizik Gobi M5 Manganês Branco/cinza Mtb Original Nf
84,Selim Fizik Gobi M5 Manganês Branco/cinza Mtb Original Nf,Fallback_Erro_LLM,Selim Fizik Gobi M5 Manganês Branco/cinza Mtb Original Nf
84,Selim Fizik Gobi M5 Manganês Branco/cinza Mtb Original Nf,Fallback_Erro_LLM,Selim Fizik Gobi M5 Manganês Branco/cinza Mtb Original Nf
84,Selim Fizik Gobi M5 Manganês Branco/cinza Mtb Original Nf,Fallback_Erro_LLM,Selim Fizik Gobi M5 Manganês Branco/cinza Mtb Original Nf
84,Selim Fizik Gobi M5 Manganês Branco/cinza Mtb Original Nf,Fallback_Erro_LLM,Selim Fizik Gobi M5 Manganês Branco/cinza Mtb Original Nf
84,Selim Fizik Gobi M5 Manganês Branco/cinza Mtb Original Nf,Fallback_Erro_LLM,Selim Fizik Gobi M5 Manganês Branco/cinza Mtb Original Nf
85,Aparelho Medidor Pressão Arterial Digital Pulso Ecoline Clas,Abreviacao,Aparelho Med. Pressão Arterial Dig. Pulso Ecoline Clas
85,Aparelho Medidor Pressão Arterial Digital Pulso Ecoline Clas,Abreviacao,Apar. Medidor Pressão Art. Digital Pulso Ecoline Clas
85,Aparelho Medidor Pressão Arterial Digital Pulso Ecoline Clas,Notacao_Unidades,Aparelho Medidor Pressão Arterial Digital Pulso Ecoline Clas
85,Aparelho Medidor Pressão Arterial Digital Pulso Ecoline Clas,Notacao_Unidades,Aparelho Medidor Pressão Arterial Digital Pulso Ecoline Clas
85,Aparelho Medidor Pressão Arterial Digital Pulso Ecoline Clas,Erro_Digitacao,Aparelho Medidor Pressao Arterial Digial Pulso Ecoline Clas
85,Aparelho Medidor Pressão Arterial Digital Pulso Ecoline Clas,Erro_Digitacao,Aparelho Medidor Pressão Arterial Digital Pulso Ecloine Clas
86,Decodificador Sintonizador Cablevision,Abreviacao,Decod. Sintonizador Cablevision
86,Decodificador Sintonizador Cablevision,Abreviacao,Decodificador Sint. Cablevision
86,Decodificador Sintonizador Cablevision,Notacao_Unidades,Decodificador Sintonizador Cablevision
86,Decodificador Sintonizador Cablevision,Notacao_Unidades,Decodificador Sintonizador Cablevision
86,Decodificador Sintonizador Cablevision,Erro_Digitacao,Decodificadro Sintonizador Cablevision
86,Decodificador Sintonizador Cablevision,Erro_Digitacao,Decodificador Sintonizadpr Cablevision
87,Salamandra De Fundicion Con Mica Estufa Dista,Abreviacao,Salamandra De Fund. Con Mica Estufa Dista
87,Salamandra De Fundicion Con Mica Estufa Dista,Abreviacao,Salamandra De Fundicion Con Mica Est. Dista
87,Salamandra De Fundicion Con Mica Estufa Dista,Notacao_Unidades,Salamandra De Fundicion Con Mica Estufa Dista
87,Salamandra De Fundicion Con Mica Estufa Dista,Notacao_Unidades,Salamandra De Fundicion Con Mica Estufa Dista
87,Salamandra De Fundicion Con Mica Estufa Dista,Erro_Digitacao,Salamandra De Fundicion Con Mica Estufa Dti sa
87,Salamandra De Fundicion Con Mica Estufa Dista,Erro_Digitacao,Salamandra De Fundicion Con Mica Estuf aDista
88,Compresor Carter Seco 6 Lts 1hp Silencioso Tanque Acero Sm,Abreviacao,Compresor Carter Seco 6 Lts 1hp Silenc. Tanque Acero Sm
88,Compresor Carter Seco 6 Lts 1hp Silencioso Tanque Acero Sm,Abreviacao,Compresor Carter Seco 6 Lts 1hp Silencioso Tanque Ac. Sm
88,Compresor Carter Seco 6 Lts 1hp Silencioso Tanque Acero Sm,Notacao_Unidades,"Compresor Carter Seco 0,006 m3 1cv Silencioso Tanque Acero Sm"
88,Compresor Carter Seco 6 Lts 1hp Silencioso Tanque Acero Sm,Notacao_Unidades,Compresor Carter Seco 6 Litros 1hp Silencioso Tanque Acero Sm
88,Compresor Carter Seco 6 Lts 1hp Silencioso Tanque Acero Sm,Erro_Digitacao,Compresro Carter Seco 6 Lts 1hp Silencioso Tanque Acero Sm
88,Compresor Carter Seco 6 Lts 1hp Silencioso Tanque Acero Sm,Erro_Digitacao,Compresor Carter Seco 6 Lts 1hp Silencioso Tanque Acero Sm
89,Antena Interna Vhf Uhf Fm Hdtv Digital - Philips Sdv1125,Abreviacao,Ant. Interna Vhf Uhf Fm Hdtv Digital - Philips Sdv1125
89,Antena Interna Vhf Uhf Fm Hdtv Digital - Philips Sdv1125,Abreviacao,Antena Interna Vhf Uhf Fm Hdtv Dig. - Philips Sdv1125
89,Antena Interna Vhf Uhf Fm Hdtv Digital - Philips Sdv1125,Notacao_Unidades,Antena Interna Vhf Uhf Fm Hdtv Digital - Philips Sdv1125
89,Antena Interna Vhf Uhf Fm Hdtv Digital - Philips Sdv1125,Notacao_Unidades,Antena Interna Vhf Uhf Fm Hdtv Digital - Philips Sdv1125
89,Antena Interna Vhf Uhf Fm Hdtv Digital - Philips Sdv1125,Erro_Digitacao,Antena Interna Vhf Uhf Fm Hdtv Digtial - Philips Sdv1125
89,Antena Interna Vhf Uhf Fm Hdtv Digital - Philips Sdv1125,Erro_Digitacao,Antena Interna Vhf Uhf Fm Hdtv Digital - Philips Sdv1215
90,Vinho Calvet 2017,Abreviacao,Vinho Calv. 2017
90,Vinho Calvet 2017,Abreviacao,Vh. Calvet 2017
90,Vinho Calvet 2017,Notacao_Unidades,Vinho Calvet MMXVII
90,Vinho Calvet 2017,Notacao_Unidades,Vinho Calvet safra '17
90,Vinho Calvet 2017,Erro_Digitacao,Vnho Calvet 2017
90,Vinho Calvet 2017,Erro_Digitacao,Vinho Clavet 2017
91,Kit 4u 185/60 R15 Neumático Firehawk Fh 900 Firestone Envío,Abreviacao,Kit 4un 185/60 R15 Neum. Firestone Fh 900
91,Kit 4u 185/60 R15 Neumático Firehawk Fh 900 Firestone Envío,Abreviacao,Kit 4un 185/60 R15 Pneu Firestone Fh 900
91,Kit 4u 185/60 R15 Neumático Firehawk Fh 900 Firestone Envío,Notacao_Unidades,Kit 4 un. 185/60 R15 Neumático Firestone Fh 900
91,Kit 4u 185/60 R15 Neumático Firehawk Fh 900 Firestone Envío,Notacao_Unidades,Kit 4 unidades 185/60 R15 Firestone Fh 900
91,Kit 4u 185/60 R15 Neumático Firehawk Fh 900 Firestone Envío,Erro_Digitacao,Kit 4u 185/60 R15 Neumátcio Firehawk Fh 900 Firestone
91,Kit 4u 185/60 R15 Neumático Firehawk Fh 900 Firestone Envío,Erro_Digitacao,Kit 4u 185/60 R15 Neumático Firehwak Fh 900 Firestone
92,Caixa Térmica 34 Litros Vermelha Com Alça Mor,Abreviacao,Cx. Térmica 34L Verm. c/ Alça Mor
92,Caixa Térmica 34 Litros Vermelha Com Alça Mor,Abreviacao,Caixa Térm. 34L Vermelha c/ Alça Mor
92,Caixa Térmica 34 Litros Vermelha Com Alça Mor,Notacao_Unidades,"Caixa Térmica 0,034m³ Vermelha Com Alça Mor"
92,Caixa Térmica 34 Litros Vermelha Com Alça Mor,Notacao_Unidades,Caixa Térmica 34000ml Vermelha Com Alça Mor
92,Caixa Térmica 34 Litros Vermelha Com Alça Mor,Erro_Digitacao,Caixa Térmcia 34 Litros Vermelha Com Alça Mor
92,Caixa Térmica 34 Litros Vermelha Com Alça Mor,Erro_Digitacao,Caixa Térmica 34 Litros Vermelha Com Alça Mro
93,Linterna Metalica Cromada Macao De 9 Led C/pilas 2 D Gratis,Abreviacao,Lant. Met. Crom. Macao 9 Led c/ pilhas
93,Linterna Metalica Cromada Macao De 9 Led C/pilas 2 D Gratis,Abreviacao,Linterna Met. Crom. Macao 9 Led c/ pilhas
93,Linterna Metalica Cromada Macao De 9 Led C/pilas 2 D Gratis,Notacao_Unidades,Linterna Metalica Cromada Macao De 9 Led c/ 2 pilhas D
93,Linterna Metalica Cromada Macao De 9 Led C/pilas 2 D Gratis,Notacao_Unidades,Linterna Metalica Cromada Macao De 9 Led com baterias
93,Linterna Metalica Cromada Macao De 9 Led C/pilas 2 D Gratis,Erro_Digitacao,Linterna Metalcia Cromada Macao De 9 Led C/pilas 2 D Gratis
93,Linterna Metalica Cromada Macao De 9 Led C/pilas 2 D Gratis,Erro_Digitacao,Linterna Metalica Cromada Macao De 9 Led C/pilas 2 D Grtais
94,Calvin Klein Corpiños Top Conjuntos Talle Xl Extra Large,Abreviacao,CK Corpiños Top Conj. Talle XL
94,Calvin Klein Corpiños Top Conjuntos Talle Xl Extra Large,Abreviacao,Calvin Klein Corp. Top Conj. Talle XL
94,Calvin Klein Corpiños Top Conjuntos Talle Xl Extra Large,Notacao_Unidades,Calvin Klein Corpiños Top Conjuntos Talle Extra Grande
94,Calvin Klein Corpiños Top Conjuntos Talle Xl Extra Large,Notacao_Unidades,Calvin Klein Corpiños Top Conjuntos Talle 42
94,Calvin Klein Corpiños Top Conjuntos Talle Xl Extra Large,Erro_Digitacao,Calvin Klien Corpiños Top Conjuntos Talle Xl Extra Large
94,Calvin Klein Corpiños Top Conjuntos Talle Xl Extra Large,Erro_Digitacao,Calvin Klein Corpiños Top Conjnutos Talle Xl Extra Large
95,Reproductor Portátil Dual Dvd  Cd  Dual 7 Stromberg Carlson,Abreviacao,Reprod. Port. Dual Dvd Cd Dual 7 Stromberg Carlson
95,Reproductor Portátil Dual Dvd  Cd  Dual 7 Stromberg Carlson,Abreviacao,Reproductor Port. Dual Dvd Cd Dual 7 Stromberg
95,Reproductor Portátil Dual Dvd  Cd  Dual 7 Stromberg Carlson,Notacao_Unidades,Reproductor Portátil Dual Dvd Cd Dual 7 pol Stromberg Carlson
95,Reproductor Portátil Dual Dvd  Cd  Dual 7 Stromberg Carlson,Notacao_Unidades,Reproductor Portátil Dual Dvd Cd Dual 7 polegadas Stromberg Carlson
95,Reproductor Portátil Dual Dvd  Cd  Dual 7 Stromberg Carlson,Erro_Digitacao,Reproductor Portatil Dual Dvd Cd Dual 7 Strombegr Carlson
95,Reproductor Portátil Dual Dvd  Cd  Dual 7 Stromberg Carlson,Erro_Digitacao,Reproductor Portátli Dual Dvd Cd Dual 7 Stromberg Carlson
96,Raqueteira Babolat Pure Wimbledon X12 Gold + Frete Grátis,Abreviacao,Raq. Babolat Pure Wimbledon X12 Gold + Frete Grat.
96,Raqueteira Babolat Pure Wimbledon X12 Gold + Frete Grátis,Abreviacao,Raqueteira Babolat Pure Wimbledon X12 Gold + Fr. Grátis
96,Raqueteira Babolat Pure Wimbledon X12 Gold + Frete Grátis,Notacao_Unidades,Raqueteira Babolat Pure Wimbledon 12 unidades Gold + Frete Grátis
96,Raqueteira Babolat Pure Wimbledon X12 Gold + Frete Grátis,Notacao_Unidades,Raqueteira Babolat Pure Wimbledon para 12 raquetes Gold + Frete Grátis
96,Raqueteira Babolat Pure Wimbledon X12 Gold + Frete Grátis,Erro_Digitacao,Raqueteira Babolat Pure Wimbeldon X12 Gold + Frete Grátis
96,Raqueteira Babolat Pure Wimbledon X12 Gold + Frete Grátis,Erro_Digitacao,Raqueteira Babolat Pure Wimbledon X12 Gold + Frete Gratsi
97,Volante Palio/siena/uno 01/04 Centro Chico Gris,Abreviacao,Vol. Palio/siena/uno 01/04 Centro Chico Gris
97,Volante Palio/siena/uno 01/04 Centro Chico Gris,Abreviacao,Volante Palio/siena/uno 01/04 Cent. Chico Gris
97,Volante Palio/siena/uno 01/04 Centro Chico Gris,Notacao_Unidades,Volante Palio/siena/uno ano 2001 a 2004 Centro Chico Gris
97,Volante Palio/siena/uno 01/04 Centro Chico Gris,Notacao_Unidades,Volante Palio/siena/uno 01 a 04 Centro Chico Gris
97,Volante Palio/siena/uno 01/04 Centro Chico Gris,Erro_Digitacao,Volante Palio/siena/uno 01/04 Cnetro Chico Gris
97,Volante Palio/siena/uno 01/04 Centro Chico Gris,Erro_Digitacao,Volante Palio/siena/uno 01/04 Centro Chcio Gris
98,Plantilla Caja Fiat 600,Abreviacao,Plant. Caja Fiat 600
98,Plantilla Caja Fiat 600,Abreviacao,Plantilla Cj. Fiat 600
98,Plantilla Caja Fiat 600,Notacao_Unidades,Plantilla Caja Fiat 600 un
98,Plantilla Caja Fiat 600,Notacao_Unidades,Plantilla Caja Fiat 600 unidade
98,Plantilla Caja Fiat 600,Erro_Digitacao,Plantilla Cjaa Fiat 600
98,Plantilla Caja Fiat 600,Erro_Digitacao,Plantila Caja Fiat 600
99,Vinho Flor De Crasto Douro Doc (750ml),Abreviacao,Vinho Flor De Crasto Douro Doc (750m)
99,Vinho Flor De Crasto Douro Doc (750ml),Abreviacao,Vinh. Flor De Crasto Douro Doc (750ml)
99,Vinho Flor De Crasto Douro Doc (750ml),Notacao_Unidades,"Vinho Flor De Crasto Douro Doc (0,75L)"
99,Vinho Flor De Crasto Douro Doc (750ml),Notacao_Unidades,Vinho Flor De Crasto Douro Doc (750 mililitros)
99,Vinho Flor De Crasto Douro Doc (750ml),Erro_Digitacao,Vinho Flor De Crasto Douro Doc (750lm)
99,Vinho Flor De Crasto Douro Doc (750ml),Erro_Digitacao,Vinho Flor De Crasto Douro Dco (750ml)
